headline,mainEntityOfPage,image,datePublished,dateModified,author,media_en,media_jp,str_count,body
え、なぜそこに?! 駅間の「トンネル内」に留置された地下鉄電車 駅じゃダメな2つの理由（乗りものニュース）,https://news.yahoo.co.jp/articles/eb4ac8e5833635f55fbfdc68070661ccda7a2cc7,https://newsatcl-pctr.c.yimg.jp/t/amd-img/20231127-00129567-norimono-000-4-view.jpg?exp=10800,2023-11-27T17:12:00+09:00,2023-11-27T17:43:59+09:00,乗りものニュース,norimono,乗りものニュース,477,\n実はアップダウンの激しい地下鉄\n東京メトロ東西線（2017年、中島洋平撮影）。\n「＼なんでこんな所に電車が?!／」\n \n 東京メトロが2023年11月27日（月）、公式X（旧Twitter）にこう投稿しました。添えられた写真には、東西線の電車が2本、駅間（トンネル内）に留置されている様子が写っています。\n【なぜそこに?!】駅間に停車する電車です（写真）\n区間は落合～中野間。東京メトロによると、電車は本来、中野駅で留置されるといいます。ではなぜ駅間にあるのかというと、中野駅は大規模工事の影響で、隣の落合駅は急勾配のため、電車を止められないのだそうです。\n\n 中野駅では現在、JR東日本が主体となって新駅ビルや通路の建設工事が行われています。開業は2026年が予定されています。\n\n また東西線は、地上2階にある中野駅を出発すると、神田川の低地へ向かって下り勾配となります。落合駅はその途上にあり、西船橋方がより低くなっています。ちなみに駅のさらに下を、首都高速中央環状線と都営大江戸線が通っています。\n乗りものニュース編集部
「公共交通なのにアトラクション」消滅間近…特殊すぎる鉄道「スカイレール」に大興奮のワケ 全部珍風景！（乗りものニュース）,https://news.yahoo.co.jp/articles/e145f86fc248e33ae823cee5d24bc37ef16bb5ad,https://newsatcl-pctr.c.yimg.jp/t/amd-img/20231127-00129261-norimono-000-1-view.jpg?exp=10800,2023-11-27T19:12:00+09:00,2023-11-27T19:12:00+09:00,乗りものニュース,norimono,乗りものニュース,1089,\n2024年4月末に廃止 乗ってみた結果は\n広島市にある「スカイレール」（画像：写真AC）。\n2024年4月末、広島県にある公共交通がひっそりと廃止されます。JR山陽本線の瀬野駅から、丘陵上のニュータウンまでをむすぶ「スカイレール」です。\n【動画】特殊すぎて大興奮「スカイレール」実際に乗ってみた！\n廃止の日が近づくなか、現地を訪れたのは交通系Youtuberの「がみ」さん。まず改札を抜ける瞬間から「まるで図書館のよう」と興奮気味です。QRコードの紙片を読み込むだけの簡素な改札機は、沖縄・那覇市を走るモノレール「ゆいレール」のかつての改札機にも似ています。\n\n 車両は「ゴンドラ」というべき、向かい合わせ座席1組だけの設備。しかし軌道は立派な鋼桁が続き、右に左に曲がったり、勾配が地形に合わせて自在に変化する線形は、ロープウェイとはかけ離れてほとんど懸垂式モノレールです。\n\n ところが実際、車両はロープで引っ張られて動くといいます。橋桁でしっかりガイドすることで、横風を受けても安定するなどのメリットがあります。\n\n さらに変わり種なのは、駅の発着時にはロープ式駆動をやめて「リニアモーター自走式にスイッチする」という点です。加減速をスムーズにして定時運行しやすくするなどの目的があります。それは車内でも分かり、地下鉄大江戸線などのように「キィィン…」という高いモーター音が聞こえてきます。「まるでアトラクションですね。まるで遊園地のようで、毎日通勤で使っている人は楽しそうです」（がみさん）\n\n 乗車中、がみさんの注目は車窓に向いています。まず、起点のみどり口駅を出てすぐに立ちはだかる「263パーミル」もの超急勾配です。ケーブルカーを作るには平面移動が多く、ロープウェイは風に弱い…それでいて丘陵の高低差を駆け上がるスペックを満たすために開発されたのが「スカイレール」の特殊な構造だったのです。\n\n あまりにも特殊で高スペックな構造、さらに一点ものというのもあり維持コストも割高であることから、やはり営業収支が悪化。電気バスでの輸送に転換することが決まったのが2022年11月のことでした。\n\n 見納めが近い、この不思議な乗りもの。がみさんは「どこを切り取っても景色が映える。鉄道ファンにはたまらない絶景です」と興奮。丘陵上の風景は瀬野駅からは変化し、226mもの高低差を感じさせます。しかし決して秘境というわけではなく、線路と住宅地が並ぶ風景は、公共交通機関そのもの。それががみさんの琴線に触れたようです。\n乗りものニュース編集部
トヨタ渾身の新型「超実用トラック」!? その名も「ハイラックス チャンプ」200万円切り！ タイで発売（乗りものニュース）,https://news.yahoo.co.jp/articles/d22b342151944706902c6e41828eb9473dc2c912,https://newsatcl-pctr.c.yimg.jp/t/amd-img/20231127-00129575-norimono-000-3-view.jpg?exp=10800,2023-11-27T18:42:00+09:00,2023-11-27T18:43:32+09:00,乗りものニュース,norimono,乗りものニュース,931,\nこれが実用トラックの未来形!? ハイラックスが化けた！\nハイラックス チャンプ（画像：トヨタ）。\nトヨタと同社タイ法人のトヨタ・モーター・タイランドは2023年11月27日（月）、新型のピックアップトラック「ハイラックス チャンプ」を発表し、タイで受注を開始しました。\n【これ日本に欲しい!!】トヨタ渾身の「実用ハイラックス」画像で見る\n発表モデルは日本の実用トラックのような白いボディと荷台を有していますが、そのベースは日本でも展開されているピックアップトラックの「ハイラックス」です。タイトヨタのサムロン工場で生産されます。\n\n さらに、発表会では11の架装モデルが紹介されており、ビジネス形態や使用用途に合わせて、ショートホイールベースとロングホイールベース、3タイプのエンジン（2.0Lガソリン、2.7Lガソリン、2.4Lディーゼル）を選べるそう。\n\n タイの量販仕様として紹介されている2.4Lディーゼルエンジンのロングホイールベースモデルは、2人乗りで全長5300×全幅1785×全高1735mm。8グレードが用意され、価格は45.9万～57.7万バーツ（約194万7100円～約244万8800円、発表日レート）です。\n\n このハイラックス チャンプは、ジャパンモビリティーショー2023のトヨタブースで公開されたIMVシリーズの新型モデル「IMV 0」に位置付けられています。IMVシリーズは、かつてアジア本部長だった豊田章男会長がアジアの人々とともに、アジアの経済発展のために「現地現物」で開発されたもので、タイでは2004年以降、「国民車」として国内で累計270万台以上を販売、累計400万台以上を世界各国へ輸出し、タイ経済へ貢献してきたといいます。\n\n しかし、「自動車市場環境の変化やニーズの多様化に伴い、タイのお客様の暮らしも大きく変化しています。IMVシリーズにおいても、真にお求めやすく、お客様のニーズに寄り添うIMVピックアップトラックをつくるという原点に立ち返りました」とのこと。現地のエンジニアが顧客のライフスタイルを徹底的に調査し、このモデルを打ち出したということです。\n乗りものニュース編集部
「年1本だけのバス路線」に奇跡が!? EVバス特別走行 車体デザインにビックリ“あ、紫式部が走ってる！”（乗りものニュース）,https://news.yahoo.co.jp/articles/0b8514af915034f0d56cc89234450acb16fed70a,https://newsatcl-pctr.c.yimg.jp/t/amd-img/20231127-00129532-norimono-000-1-view.jpg?exp=10800,2023-11-27T17:42:00+09:00,2023-11-27T17:42:00+09:00,乗りものニュース,norimono,乗りものニュース,642,\n京都バスのEVバスは“平安時代デザイン”\n京都バス「e-アラシヤマ号」（画像：京都バス）。\n京都バスは2023年11月24日、EVバス（電気バス）を導入するとともに、京都の有料道路「嵐山・高雄パークウエイ」でこれを記念する実証運行を実施すると発表しました。\n【画像】ラッピングデザイン／路線図／「バスがサウナ」車両の詳細ほか\nEVバスは「e-アラシヤマ号」と称し、嵐山営業所に所属。2023年12月より主に京都市街から右京区方面を運行する予定だといいます。このバスは切り絵作家の望月めぐみさんによる車体ラッピングが施されており、嵐山地域の名勝や源氏物語をイメージしたデザインになっているそうです。\n\n 12月23日（土）には、この導入を記念し、阪急嵐山駅前から嵐山・高雄パークウエイ経由で菖蒲谷池大駐車場(菖蒲谷池停留所)までの運行を行います。京都バスは嵐山・高雄パークウエイを走るバス路線をもっているものの、なんと“年1本”、毎年春分の日に西山高雄から阪急嵐山駅行きの上りのみ運行しています。今回は春分の日以外、しかも反対方向の運行ということでレアな機会となりそうです。\n\n この日は阪急嵐山駅～菖蒲谷池間を4往復、直行便にて運行。運賃は大人640円です。\n\n この日は菖蒲谷池大駐車場でスノーピークなどによるアウトドアイベントが行われ、「昨今話題の移動型サウナバス『サバス』(株式会社リバース)の入浴体験」もできるということです。\n乗りものニュース編集部
「空飛ぶ宮殿」でした!! 超豪華旅客機の機内に迫る 日本未就航のエミレーツA380「新仕様」日本就航まもなく（乗りものニュース）,https://news.yahoo.co.jp/articles/18c7bcb1611f5ff1ea7279864e00851e9a2222df,https://newsatcl-pctr.c.yimg.jp/t/amd-img/20231127-00129549-norimono-000-2-view.jpg?exp=10800,2023-11-27T16:12:00+09:00,2023-11-27T16:27:10+09:00,乗りものニュース,norimono,乗りものニュース,1580,\n新仕様は12月投入予定\n機内が公開されたエミレーツ航空のエアバスA380「A6-EVG」（加賀幸雄撮影）。\nいまや少なくなった4発大型ジェット機ですが、そのなかでも異彩を放つモデルが、総2階建て超大型機「エアバスA380」です。この機を導入している航空会社のなかには、巨大なスペースを活かした独自の客室仕様を採用しているところもあります。そのなかでも特にエミレーツ航空のA380は「空飛ぶ宮殿」と呼ばれるほど豪華な機内で知られるため、公開では行列ができるほどです。\n【写真特集】豪華すぎる！ これが「空飛ぶ宮殿」の機内です\n今回、2023年12月から成田線にも投入される、プレミアムエコノミー席を追加したエミレーツ航空の新仕様A380の機内を取材しました。\n\n エミレーツ航空は、2023年11月に開催されたドバイ航空ショーで、A380の新仕様「A6-EVG」実機を展示し、機内を公開。ファースト・ビジネス・エコノミーのほか、プレミアムエコノミー席を搭載し、計484席を備えた機体です。なお、A380の製造国であるフランスで6月に行われたパリ航空ショーでは、実際に商業運航されているA380は、業界向けの「トレードデー」では展示されませんでした。\n\n 展示機であるA380は、前部からではなく後部ドアから機内に入る、少々不思議な形態を取っていました。振り返ると、これがエミレーツ航空に乗りたくなる、ちょっとした“あざとさ”のある工夫だったのです。\n\n 後部ドアから入り、エコノミー席を横目に後方階段を上がって、ビジネス・そしてファーストの上位クラスが設置されている2階席に向かいます。2階の最後部に現れた「バーカウンター」に軽く息をのみつつ、高級ウイスキーが照明に煌めく脇を通ってビジネスクラスへ。そこは木目調のデザインが施された座席周囲と、ひじ掛け後ろのミニバーが高級感たっぷりで、高級ホテルにチェックインしたかのような気持ちになります。\nそしてファーストへ 見せ方には「乗りたくなる」工夫も\n機内が公開されたエミレーツ航空のエアバスA380「A6-EVG」。その機内の様子など（加賀幸雄撮影）。\nあまりの豪華さに驚き、のむ息が深くなりつつも、さらに前方のファーストクラスに入ると、まさに別格の空間に圧倒され、息が“止まり”ます。\n\n もちろん、座席がフルフラットになるのは当たり前。座席脇には飲料水などの収納ボックス、前にアメニティーキットなどを収容したテーブルが設けられ、引き出し式のテーブルもエコノミークラスの4～5倍はあろうという大きさです。\n\n さらに、この機を「空飛ぶ宮殿」たらしめている珍しい設備、ファーストクラス利用者専用の「シャワー室」も、もちろん健在でした。\n\n そして、筆者が “あざとさ”を感じたのが、ファーストクラス見学のあと、1階客室前方へ降り、プレミアムエコノミー席を紹介する――という見せ方です。\n\n プレミアムは当然エコノミークラスより快適なものの、筆者は財布のひもが固く締まり、なかなか乗る気が起きません。しかし、「空飛ぶ宮殿」のファーストクラスの豪華さを見た後では、「海外旅行はプレミアムな日と思い奮発すれば、ビジネスクラスは無理でもこちらは何とか乗れるんじゃないか」と、「プレエコ」に乗ることばかり考えている自分に気づきました。\n\n プレミアムエコノミークラスが設けられたエミレーツ航空A380の4クラス仕様の機体は、極東ではシンガポールに次いで2番目に、成田～ドバイ線へ2023年12月から導入されるとのこと。いつ乗る機会が出来るか、その時にまだ「プレエコ」に乗りたい気持ちが続くのか――。それを想像するのも楽しみな機内公開になりました。\n加賀幸雄（旅行ライター）
「水素で走る戦車」韓国ヒョンデが提案 少子化を真剣に考えたら“未来感マシマシ”に!?（乗りものニュース）,https://news.yahoo.co.jp/articles/b7807c68400569a037f25a653db12488adea6380,https://newsatcl-pctr.c.yimg.jp/t/amd-img/20231127-00129547-norimono-000-1-view.jpg?exp=10800,2023-11-27T18:12:00+09:00,2023-11-27T18:12:00+09:00,乗りものニュース,norimono,乗りものニュース,3407,\nクルマで有名なヒョンデが作ったハデハデ戦車モデル\n「ソウルADEX」に展示された「Next Gen. MBT」の模型（布留川 司撮影）。\n2023年10月下旬に韓国のソウル近郊で開催された防衛展示会「ソウルADEX」。そこで韓国の防衛企業が展示した戦車の模型が注目を集めました。\n【夢のギミックが多数…】ヒョンデの未来感たっぷり戦車（写真で見る）\n出展したのは韓国の防衛企業ヒョンデ（現代）・ロテム。ヒョンデ（以前の日本名はヒュンダイ）というと、一般的には自動車メーカーとしてのイメージが強いですが、グループ企業には自動車だけでなく、さまざまな分野の会社があります。その一つであるヒョンデ・ロテムは重工業を担当し、防衛装備品として韓国の国産戦車であるK1ならびにK2の開発・生産を行っています。\n\n 韓国で唯一の戦車メーカーであるヒョンデ・ロテムが展示したこのコンセプトモデルは、「Next Gen. MBT」という名称が付けられていました。日本語に訳すと「次世代主力戦車」という意味になる同車は、車体全体が軍用車両では定番であるオリーブドラブ（濃緑色）の塗装ではなく、スタイリッシュなグレー系で統一され、車体側面にはストライプのグラフィックまで入れられています。\n\n 車体や砲塔側面には六角形の形をした装甲板が並べて付けられており、砲塔の主砲と機銃の砲身部分は車体カラーに合わせたカバーまで設置、車体の随所には傾斜したスリット状のものも確認できます。\n\n それは一般の人々が連想する戦車のイメージとはかけ離れたデザインとなっており、全体的に過剰ともいえるデザイン性が採用された外見は、戦場よりも未来世界を扱ったSF作品やゲームの世界の方が似合いそうな感じがします。\n\n この模型は何のために作られたのでしょうか。会場でヒョンデ・ロテムのスタッフに聞いてみました。\n未来の戦車を視覚的に体現\n「ソウルADEX」に展示された「Next Gen. MBT」の模型（布留川 司撮影）。\n展示ブースに居たヒョンデ・ロテムの担当者によると、これは名称の通り「未来の主力戦車」を想定したコンセプトモデルだそうです。海外メディアの一部には、これを韓国陸軍の最新戦車「K2」の後継モデルとして、「K3」の名で紹介するような報道もありますが、担当者いわく「この戦車が、この姿のままで韓国陸軍の次世代戦車になることはないだろう」とのことでした。\n\n もともと、この「ソウルADEX」やヒョンデ・ロテムに限らず、各種シンポジウムや展示会などで、内外のメーカーが将来の新製品を想定したコンセプトモデルを展示することは、自動車や電化製品を始めとして珍しいことではありません。それらは現実的に製品化できることよりも、開発中の技術や将来の業界の方向性を示すために作られるものであり、注目を集める意味合いから、現在その分野で使われている生産品よりも総じて「尖ったデザイン」になることは往々にしてあり得るといえるでしょう。\n\n この「Next Gen. MBT」でも、模型とともに想定される性能を記したスペックシートが用意されていましたが、それらは現在の戦車よりも「未来に生きている」、すなわち将来戦を想定したものでした。\n\n まず、主砲は現在主流の120mmよりも大口径な130mm砲を採用。副武装は12.7mm重機関銃と、既存のK1やK2といった戦車と同じですが、RCWS（リモート・コントロール・ウェポン・ステーション）によって車内から遠隔操作できるようになっていました。\n\n さらに、より遠距離の目標に対しても攻撃できるよう、砲塔内に収納するポッポアップ・ランチャー形式で対戦車ミサイルまで装備されています。また、これら武装を備えた砲塔は無人化されており、照準と攻撃はAIをベースにした高性能な射撃統制システムによって行われるそうです。\n目指すのは高性能だけじゃない、韓国軍の将来にも対応\n韓国初の国産戦車「K1」。自動装てん装置がないため、乗員は4名（画像：大韓民国国防部）。\n防御面では、装甲板には軽量化されたセラミック系の複合材を採用することで、重量はK2戦車と同等の車重55t以下を想定。加えて、自車に飛んでくる砲弾やミサイルを、散弾を使って物理的に撃ち落とすAPS（アクティブ防護システム）や、ミサイルシーカーに赤外線を照射して誘導できなくするDIRCM（指向性赤外線妨害装置）も搭載することで、よりレベルの高い生残性を発揮できるようにしています。なお、相手側から探知されにくくするための赤外線とレーダーに対する探知低減設計も盛り込まれているとのことでした。\n\n「Next Gen. MBT」のスペックは、コンセプトモデルゆえに「てんこ盛り」「全部マシマシ系」といえるような豪勢なもので、戦車に詳しいマニアや、実際に軍隊などで戦車に関わっている人たちからすると、ツッコミどころが多いかもしれません。しかし、よく見るとこのコンセプトモデルが示す技術の方向性は、韓国だけでなく先進国の軍隊すべてが抱える問題に対応したものといえそうなのです。\n\n なかでも「Next Gen. MBT」で革新的なポイントは、新しい方式のエンジンと省人化です。\n\n まず、エンジンについてですが、この戦車のパワーユニットは、従来の化石燃料で動くものではなく、水素燃料電池をベースとした電動推進式です。\n\n 兵器の電動化は、内燃機関の廃止による低視認性（エンジン排熱の低減で敵に見つかりにくくなる）などから注目されており、技術開発自体は我が国含め先進国では進められています。ただ、その際の電源については、電気自動車のようなバッテリー充電式は充電時間の問題やバッテリー重量の問題から現実的ではありません。そこで、代わりに注目されているのが、このコンセプトモデルにあるような水素ベースの燃料電池なのです。\n\n 現在、車を含めたさまざまなモビリティーで電動化が進んでおり、軍事の世界にまでそれが波及するかは現時点では不明ですが、脱化石燃料が世界的に進んだ場合、軍用車両でもコスト面などの問題から新しい方式への切り換えを迫られる可能性は充分にあります。\n少子化で兵隊の頭数が減ることも想定\n韓国最新の国産戦車「K2」。ポーランドへ輸出成功したことなどでも話題に（画像：大韓民国国防部）。\n省人化については、この「Next Gen. MBT」が想定している乗員数は3名ないし2名と、現在の主力戦車よりも少なくなっています。それどころか、オプション機能として乗員を必要としない無人運用まで想定しているそうです。\n\n 現在の戦車は、車長、砲手、装填手、操縦手の4名、もしくは韓国製K2戦車や我が国の10式戦車のように自動装填装置ありであれば装填手抜きの3名で運用されています。これを「Next Gen. MBT」の場合は、自動化やAI制御を活用して削減することを目指しています。\n\n もちろん、戦闘車両の無人化運用は、現在の最新技術をもってしても簡単に実現できることではありません。ヒョンデ・ロテムの担当者も仮定の話と断ったうえで「このコンセプトモデルのような少人数の戦車が採用された場合は、軍側も戦車の運用方法を大きく見直さなければならないだろう」と言っていました。\n\n 一方で、現在の韓国の少子化は深刻で、徴兵制によって兵員数を確保している同軍でも将来の人員数の低減は避けては通れない問題です。ゆえに、兵器の無人化などでこれに対応しようとしている模様です。ある韓国の防衛企業の関係者は「現在の韓国防衛産業では、省人化や自動化は想定しなければならない必須の技術です」と筆者（布留川 司：ルポライター・カメラマン）に語ってくれたほどで、この省人化は程度の差こそあれ、目を逸らすことのできない課題といえるでしょう。\n\n「Next Gen. MBT」で提示された性能はやや突飛な印象があるかもしれませんが、それが目指す方向は韓国軍や将来の世相を反映したものであり、今後開発されるであろう未来兵器の方向性を示したものであると感じました。\n布留川 司（ルポライター・カメラマン）
ロシア軍「もう国内の遠隔地まで守れません」防空システムをウクライナに移動か  “敏感な地域”が手薄に？（乗りものニュース）,https://news.yahoo.co.jp/articles/908b7ad25500cd24aacfcfee29b964e9e76fd7c4,https://newsatcl-pctr.c.yimg.jp/t/amd-img/20231127-00129563-norimono-000-9-view.jpg?exp=10800,2023-11-27T15:12:00+09:00,2023-11-27T20:38:03+09:00,乗りものニュース,norimono,乗りものニュース,588,\n飛び地・カリーニングラードから防空システムを移動か\nロシアのS-400防空システムの発射機（画像：ロシア国防省）。\nイギリス国防省は2023年11月26日（日）、ウクライナ紛争の戦況分析を更新。ロシアがウクライナ戦線での損失を補うため、防空システムをバルト海沿岸にある飛び地・カリーニングラードから移動させた可能性が高いと発表しました。\n【画像】え・・デカすぎ！これが「S-400」防空システムの貴重な製造中のミサイルです\nカリーニングラードは、三方がNATO加盟国に面しており、ロシア最西端の前哨基地となっています。ロシアはこのエリアを「戦略的に最も敏感な地域の一つ」と見なしているといいます。\n \n ただロシアは、2023年10月下旬にS-400地対空ミサイルなどの防空システムを戦闘で立て続けに喪失。イギリス国防省は2023年11月10日に発表した戦況分析で、ロシア軍がウクライナの占領地上空を守備するためには、ロシア国内の遠隔地に配備されている防空システムを転用しなければならない可能性が高いと分析していました。\n \n イギリス国防省は、ロシアがカリーニングラードのような「敏感な地域」で、更なるリスクを受け入れる用意があるように見えると指摘。戦争がロシアの現代的な能力の一部に、過剰な負担を引き起こしたと分析しています。\n乗りものニュース編集部
モノレールから進化へ「上野動物園ライン」2026年度開業めざし公募開始「移動を楽しめる交通」に重点（乗りものニュース）,https://news.yahoo.co.jp/articles/8f3bd3ed28b09c5a74187ce3cb5dc31a31dee70c,https://newsatcl-pctr.c.yimg.jp/t/amd-img/20231127-00129566-norimono-000-3-view.jpg?exp=10800,2023-11-27T15:42:00+09:00,2023-11-27T16:00:45+09:00,乗りものニュース,norimono,乗りものニュース,719,\n2026年度末に開業予定\n廃止された上野動物園モノレール（画像：写真AC）。\n東京都は2022年11月24日（金）、上野動物園の東園と西園をむすぶ新たな交通機関について、企画提案の募集を開始しました。\n【画像】これが「上野動物園の新交通」ルートと輸送形態です\n同園の東園と西園は区道で分断されており、橋をわたって高低差のある徒歩移動が必要でした。そのため長らくモノレールが運行されていましたが、老朽化のため2019年に休止、そのまま廃止となりました。\n\n 都はそれに代わるあらたな交通手段として、2022年11月に「コンパクトな乗りもの（小型モノレール等）」を整備する方針を策定。今回、具体的にどんな乗りものにするか、アイデアを募集します。\n\n 新交通は、基本的に旧モノレールのルート等を最大限活用することとしています。東園駅は旧駅を活用し、西園駅は少し南へズレて不忍池の水際のテラス敷地が想定されています。また今回の公募の基本条件では、既存施設は原則として移設しないものとしています。どちらも駅は施設の2階以上に設けられます。延長は350m程度。\n\n 輸送能力は1時間あたり500人以上で、旧モノレールと同等以上のスペックが求められます。輸送時間は1分30秒以上で、単なる移動手段ではなく、乗りもの自体を楽しめるものが求められます。\n\n 車両の外観や軌道のデザインは「飽きのこないもので、周辺環境との調和を図り、動物園内の景観に配慮する」という条件があります。\n\n 乗りものの選定は、2023年度中に完了する予定。それから設計・工事を経て、2026年度末ごろに開業する予定です。\n乗りものニュース編集部
宇都宮LRT大成功？ 人出増えても渋滞増えず 人流データで判明「活性化につながっていることは明らか」（乗りものニュース）,https://news.yahoo.co.jp/articles/345a5f921823a63242dc0aaed0a4a0473532b445,https://newsatcl-pctr.c.yimg.jp/t/amd-img/20231127-00129489-norimono-000-1-view.jpg?exp=10800,2023-11-27T14:12:00+09:00,2023-11-27T14:12:00+09:00,乗りものニュース,norimono,乗りものニュース,694,\n宇都宮LRT開業後の人流データを発表\n宇都宮ライトレール（乗りものニュース編集部撮影）。\n地図サイト「MapFan」など運営するジオテクノロジーズ（東京都文京区）は2023年11月22日、栃木の宇都宮エリアで8月26日に開業した宇都宮ライトレール（LRT）周辺の人流・交通データ調査結果を発表しました。人出は大幅に増加しつつも、懸念されていた周辺の主要道路での渋滞は発生していないとしています。\n【え…】これがLRT随一の“秘境駅”です（写真）\n調査は宇都宮駅からLRT終点までの一部範囲について、LRT開業後の2023年8月26日～9月2日（8日間）と、LRT開業前の7月22日～7月29日（8日間）のデータを比較したものです。\n\n 宇都宮駅東口周辺では、休日の滞在人口が最大で250％増加。沿線のショッピングモール「ベルモール」付近では、最大120％の増加がみられたといいます。LRTから徒歩20分圏内の平出町エリアでも、最大40倍増加しているエリアが確認できたといいます。\n\n 一方、周辺道路ではLRTが走る鬼怒通りのひとつ南側の水戸街道（県道1号・国道123号）で通行量が7～14％増加していたといいます。しかし、そうした通行量の増加はあったものの、旅行速度に変化は見られず、渋滞にはつながっていないということです。\n\n ジオテクノロジーズはこうした結果から、LRTが「街の活性化につながっていることはデータからみても明らか」である一方、「LRTが既存の自動車通行に与える悪影響は少ないといえるのではないでしょうか」としています。\n乗りものニュース編集部
“御堂筋線とつながってます”デザインに「北大阪急行 箕面延伸」レール締結！ 開業まで4か月（乗りものニュース）,https://news.yahoo.co.jp/articles/fa5ac62f9137bcb6cb98cb05be4a44636f2d7b04,https://newsatcl-pctr.c.yimg.jp/t/amd-img/20231127-00129562-norimono-000-3-view.jpg?exp=10800,2023-11-27T12:12:00+09:00,2023-11-27T12:50:11+09:00,乗りものニュース,norimono,乗りものニュース,1066,\n千里中央から箕面萱野までのレールが1本に！\n北大阪急行の延伸区間の終点となる箕面萱野駅。直通先の地下鉄御堂筋線を意識した赤色がアクセント（鶴原早恵子撮影）。\n千里中央からさらに2駅北へ。大阪市の中心部を南北に抜ける大阪メトロ御堂筋線と相互乗り入れしている「北大阪急行」の延伸事業が行われており、開業日は2024年3月23日と発表されています。\n \nその延伸区間のレール締結式が2023年11月26日、新たな終着駅となる新駅「箕面萱野駅」にて行われました。会場には大阪府の吉村洋文知事をはじめ関係者約70名あまりが出席し、約2.5kmにわたる全延伸区間のレールが繋がったことを祝いました。\n【画像】これが延伸開業間近の「北大阪急行」の新駅ホームと新デザイン看板です\n締結式では、吉村知事らが線路上に下り、かけ声とともに紅白に装飾された工具で線路のボルトを締結。点検確認と清めの儀が行われたのち、締結された線路の上をモーターカーが走行していきました。\n\n 延伸工事においては環境についても配慮がなされ、特に軌道は「維持管理の効率化を図りつつ、振動抑制効果の強い構造を採用」（北大阪急行電鉄 延伸事業部 秦健太郎調査役）。メンテナンスの負担を軽減し、振動を軽くする効果が高い「コイルばね防振軌道」と呼ばれる軌道を新たに採用しています。\n\n 現在は電気工事や設備工事、設備の安全確認検査などが行われており、さらに今後は列車の走行試験や、乗務員の訓練など開業に向けての準備が本格化していきます。\n約30年ぶりに駅名看板のデザインも一新！\nレール締結式のようす（鶴原早恵子撮影）。\nレール締結式のあとは、延伸線開業に合わせて一新される北大阪急行の駅名看板、案内サインのデザインがお披露目されました。北大阪急行では約30年ぶりとなるデザイン変更で、北大阪急行8000系、9000系のカラーをベースにした木目調になりました。\n\n 駅名看板にはアクセントとして、相互直通運転している御堂筋線のラインカラーである赤が加えられていて、温かみある親しみやすさが印象的です。案内サインにはピクトグラムやエレベーターまでの距離表示を加えるなど、わかりやすさへの工夫が凝らされています。\n\n 箕面萱野駅にはバスターミナルやタクシー乗り場なども整備され、交通の結節点として市内移動の要のひとつになることが期待されており、北大阪急行は、延伸区間の利用者数を1日約4万1000人と見込んでいます。\n鶴原早恵子（鉄道好きライター）
圧倒的な制圧力！ 米空軍「AC-130ガンシップ」武装組織の排除に出動 交戦の結果は？（乗りものニュース）,https://news.yahoo.co.jp/articles/b34ee7bf242f57316f0bfbaf85709df2247cf673,https://newsatcl-pctr.c.yimg.jp/t/amd-img/20231127-00129543-norimono-000-5-view.jpg?exp=10800,2023-11-27T11:42:00+09:00,2023-11-27T12:33:14+09:00,乗りものニュース,norimono,乗りものニュース,528,\nイラクにある航空基地の防衛で出撃\n薄暗いなか、105mm砲を発射するAC-130H（画像：アメリカ空軍）。\nアメリカ中央軍は2023年11月22日、空軍のAC-130攻撃機が、イラクにおいて航空基地へ攻撃を試みた組織と交戦したと発表しました。\n【まるで空飛ぶ要塞！】上空で派手に火を噴くAC-130対地攻撃機（写真）\n戦闘は前日の21日に行われたそうで、場所はイラク西部のアンバール県にあるアル・アサード航空基地とのこと。ここにはアメリカ海兵隊が駐留しています。\n\n 説明によると、ここに武装組織がミサイル攻撃を仕掛けてきたため、AC-130ガンシップは直ちに出撃。その後、当該人物らを確認すると、対地攻撃を行ったといいます。\n\n アメリカ空軍が運用するAC-130は複数の種類がありますが、主力と言えるのはAC-130J「ゴーストライダー」です。同機は30mm機関砲1門に加えて105mmりゅう弾砲を1門装備しており、これらに加えて主翼下に各種対地ミサイルや精密誘導爆弾を搭載、投射できる能力も持っています。\n\n 武装組織の詳細な情報は出ていませんが、この攻撃により相手に数名の死傷者が出たとしています。\n乗りものニュース編集部
外国人バス運転手の採用「先陣を切りたい」東急バス社長 危機的ドライバー不足の打開策 なぜ今議論？（乗りものニュース）,https://news.yahoo.co.jp/articles/59d4b0cedc380c696268d8cba54439b6aa4df74a,https://newsatcl-pctr.c.yimg.jp/t/amd-img/20231127-00129514-norimono-000-1-view.jpg?exp=10800,2023-11-27T09:42:00+09:00,2023-11-27T09:42:00+09:00,乗りものニュース,norimono,乗りものニュース,1033,\n「ベトナムの東急バス」初代社長の言葉\n東急バス（乗りものニュース編集部撮影）。\n東急グループが2023年11月20日に記者懇親会を開催。そのなかで、東急バスの古川 卓社長が外国人バス運転士の採用について「先陣を切りたい」と意欲を示しました。\n【え…ノッテちゃんいるの!?】これが「ベトナムの東急バス」です（写真）\n運転士の人手不足が深刻化し、全国で減便や路線廃止が相次ぎ危機的状況に陥っているバス業界。その打開策のひとつと目されているのが、外国人ドライバーの採用です。しかし、現状の制度では思うような採用が不可能であることから「まずは国に制度を早急に変えていただく必要がある」と古川社長は話します。\n\n というのも、国内人材の確保が困難な産業分野で一定の専門性・技能をもつ外国人の受け入れを目的とした「特定技能」制度で、自動車関連は「自動車整備」が対象となっているものの「運転」の業務は含まれていません。現状では、大型二種免許が外国人に開放されておらず、日本人の家族がいて在留資格を持つ人などに限られるといい、まずはここを変える必要があるそうです。これはバスに限らずタクシーなども同じです。\n\n 従来は日本人ドライバーで賄えていたために、今になって制度の見直しが訴えられている側面があるようです。バス業界は長いコロナ禍中に乗務員の他業種への転職が進み、東急バスでもコロナ前と比べ乗務員が大幅に減っているのだとか。いかに喫緊の課題であるかがうかがえます。\n\n 東急バスでは海外事業の一環として、2014年からベトナムで「ベカメックス東急バス」が路線バス事業を運営しています。古川社長はその初代社長として、成長を見てきた経験を持っています。\n\n「ベトナムは近年、車両こそよくなったものの、乗務員（の質）はまだまだ」と話す古川社長。ベカメックス東急バスでは未経験者を採用し、日本式のバス事業を現地で広げたことで、今やその方法をベトナム政府側がスタンダードとして取り入れている部分もあるといいます。\n\n「いろいろな国で交通機関を利用しますが、日本はダントツでレベルが高いです。運行中の安全確認や接客のあり方など、日本でサービスレベルを学べば、帰国後、自国で絶対に役立ちます」（古川社長）\n\n 現時点でも東急バスは技能実習の外国人を2名雇用。国に対し「（外国人でも）大丈夫だ」ということを見せたいと意気込みました。\n乗りものニュース編集部
悲願の鉄道新線「石狩・札幌ライン」ついに本格始動!? 石狩市が「3ルート」事前調査へ 1～2km間隔で途中駅（乗りものニュース）,https://news.yahoo.co.jp/articles/70c7c77459ec30124023566b7c0e04508aa40290,https://newsatcl-pctr.c.yimg.jp/t/amd-img/20231127-00129559-norimono-000-4-view.jpg?exp=10800,2023-11-27T08:42:00+09:00,2023-11-27T11:32:20+09:00,乗りものニュース,norimono,乗りものニュース,837,\nバスでしか行けないベッドタウン\n石狩市に軌道系交通が検討される（イメージ画像：写真AC）。\n北海道石狩市は2022年11月22日（水）、「新たな軌道系交通の導入」に関するサウンディング型調査を行うと発表しました。\n【画像】これが「石狩～札幌ライン」の構想ルートです\nあくまで事業者の反応や意見をうかがう段階ですが、ここで挙げられている構想は「石狩市と札幌市をむすぶ交通ルート」というものです。\n\n 石狩市は札幌駅から北北東へ約10kmほどの距離に位置し、日本海に接しています。北海道の物流を担う国際貨物港「石狩湾新港」があり、札幌エリアの衛星都市として人口5.8万人を抱えています。\n\n 札幌市内への交通が路線バスしかないため、古くから地下鉄の延伸やモノレール建設などが構想されてきました。そして今回、新たに軌道系交通の建設が検討されます。\n\n 軌道系交通の中身は「費用、実装難易度、環境負荷、定時性、速達性等の観点から検討中」として、明らかにしていません。モノレールやロープウェイ、LRT、新交通システムなどが考えられます。あるいはBRTとなる可能性もあります。\n\n「実施概要書」によると、交通拠点は市役所北側の新港地区。そこから南へ3ルートが検討され、南西へ伸びる「手稲駅ルート」、ほぼ真南へ伸びる「麻生駅ルート」、南東へ伸びる「栄町駅・丘珠空港ルート」となっています。いずれも路線延長は12～15kmとなります。\n\n 途中駅は「1～2kmおき」に設けられるとしています。\n\n 概要書では、今後のスケジュールの見通しについて、2026年度までに整備・運営事業者の選定、そこから設計・建設となって2032年度に開業をめざすとしています。\n\n 事業は民間のみもしくは官民協働でおこないたいとして、整備、資金調達、運営のいずれかを民間に任せ、さらに駅ナカ事業や広告など付帯事業でも利益を出していくとしています。\n乗りものニュース編集部
東急新横浜線の利用「当初計画の7割」に 楽観できない？ 今後打ち出す施策は（乗りものニュース）,https://news.yahoo.co.jp/articles/b18a2e5c5bb4dbba9801a10389b1796a8e3baec9,https://newsatcl-pctr.c.yimg.jp/t/amd-img/20231127-00129528-norimono-000-9-view.jpg?exp=10800,2023-11-27T08:12:00+09:00,2023-11-27T11:19:39+09:00,乗りものニュース,norimono,乗りものニュース,1096,\n定期旅客と定期外旅客で明暗分かれる\n東急の5050系4000番台（画像：写真AC）。\n東急新横浜線が2023年3月18日（土）に開業してから、半年以上が経過しました。利便性は向上したものの、輸送人員は当初の計画値に及んでいないといいます。ただ今後、東急では利用促進に向けた様々な施策を打ち出す構えです。\n【画像】えっ…！ これが「新綱島駅」再開発の詳細です\n東急新横浜線は、日吉～新横浜間の約5.8kmの路線で、途中駅は新綱島駅のみです。同日に開業した相鉄新横浜線とは新横浜駅でつながり、相鉄線方面から東京都心への利便性が向上。神奈川県から東京都、そして埼玉県に至る広大な鉄道ネットワークが形成されました。\n \n 東急は、2023年11月に公表した第2四半期決算資料で、東急新横浜線の輸送人員が当初計画の約7割にとどまっていることを明らかにしました。\n \n 東急新横浜線の1日平均輸送人員は6万6251人。東急によると、定期外旅客については、新幹線利用者が転移したことや新横浜駅周辺のイベント需要で堅調とのこと。しかし、定期旅客が当初の想定に及んでいないとしています。\n\n 東急では今後、新綱島駅周辺の再開発などにより、新横浜線の利用者が定着することを期待しています。新綱島駅周辺では、駅直結の複合施設「新綱島スクエア」が2023年12月から順次開業していく予定です。\n \n「新綱島スクエア」は商業施設と公共施設、そして高層階の分譲タワーマンションなどからなる複合施設です。東横線の綱島駅と新綱島駅は近い位置にありますが、これら駅直結の商業施設やマンションの開業で、新綱島駅の定期利用者の増加が見込めそうです。\n東急電鉄の福田社長「利用が定着するまでには約3年」\n東急電鉄の福田誠一社長は、2023年11月20日（月）に開かれた東急グループ記者懇親会で、新横浜線について「利用が定着するまでには約3年を見込んでいます」との認識を示しました。\n \n 新横浜線の広域利用に関しては「東武東上線方面からの利用が増えているという実感はあり、新横浜まで乗り換えなしという点が評価されたのではと思います」と話しました。\n \n 新横浜線のダイヤに関しては「2024年春にダイヤ改正を予定しており、足りない部分に関しては補っていきたいと考えています」と明らかにしました。\n \n 今後はダイヤ改正のほか、通勤定期客の東急新横浜線への転換促進、各線と相互直通する広域鉄道ネットワークの利便性をPRするなど、各種施策を展開していくとしています。\n乗りものニュース編集部
“魔改造”で新車並みに？元・日比谷線車両が新天地へ 8両から2両に短縮　来年2月デビュー（乗りものニュース）,https://news.yahoo.co.jp/articles/70b2499751d297311ddd3225bba3ff08774dac9d,https://newsatcl-pctr.c.yimg.jp/t/amd-img/20231127-00129561-norimono-000-4-view.jpg?exp=10800,2023-11-27T10:42:00+09:00,2023-11-27T12:45:55+09:00,乗りものニュース,norimono,乗りものニュース,446,\n元・京王井の頭線車両を置き換えへ\n日比谷線時代の03系（画像：写真AC）。\n上毛電鉄は2023年11月25日（土）、東京メトロ日比谷線で運用していた03系電車を新型車両「800形」に改造し、2024年2月頃から導入すると発表しました。\n【画像】かなり印象変わった！上毛電鉄の「新型車両」イメージ\n800形は、上毛電鉄で長年使用してきた700形（元・京王井の頭線の3000系車両）の後継車両となります。既存の700形8編成16両のうち、3編成6両を800形に置き換える予定です。\n \n 800形の改造はメトロ車両が担当。日比谷線時代は8両編成でしたが、2両編成に短縮されます。改造にあたっては、省エネルギー化を図った機器や代替フロンを使用した大容量の冷房装置を搭載するとのこと。主要機器はほぼ新製となり、車体のカラーリングも変更されます。\n \n また、液晶運賃表示器や車内表示器、防犯カメラも設置し、サービス向上やバリアフリー化も図るとしています。\n乗りものニュース編集部
元祖「万能タイプ」 マルチな性能で一世を風靡した戦闘機「サンダーボルト」何がそんなによかった？（乗りものニュース）,https://news.yahoo.co.jp/articles/1b9d853fc08d44fe3439f3e78a1bd99baf6c849d,https://newsatcl-pctr.c.yimg.jp/t/amd-img/20231127-00129416-norimono-000-2-view.jpg?exp=10800,2023-11-27T06:12:00+09:00,2023-11-27T17:40:43+09:00,乗りものニュース,norimono,乗りものニュース,1740,\n戦闘機としても攻撃機としても使える機体\nP-47「サンダーボルト」（画像：アメリカ空軍）。\nビズネスの分野では「ジェネラリスト」、プロスポーツの世界だと複数ポジションをこなせる「マルチプレイヤー」と、“なんでも出来る”人を求めがちな昨今ですが、兵器でもそれは同じです。現在のジェット戦闘機は空戦、地上攻撃、偵察など幅広い任務に対応する「マルチロール機」が主流となっています。\n【実は同じエンジン使ってます！】日本軍航空隊を苦しめたアメリカ海軍機とは（写真）\nそうした「マルチ」な機体ですが、実はまだプロペラ機時代である約80年前の第二次世界大戦に登場し始めました。その中でも有名なのが、アメリカで開発されたP-47「サンダーボルト」戦闘機です。\n\n 同機は、プラット・アンド・ホイットニー製の「R-2800」というエンジンを搭載していました。通称を「ダブルワスプ」と呼ぶこのエンジンは、大気密度の低下による出力低下を補う「スーパーチャージャー」が搭載された、2000馬力を超える星型18気筒エンジンという、当時の戦闘機に搭載するには過剰かと思われるほど出力のエンジンでした。\n\n また、12.7mm機関銃を8挺も備えており、日独の戦闘機や双発爆撃機には十分な火力でした。1943年4月に欧州方面で配備が開始され、8月には早くも、ドイツ本土を爆撃するB-17の護衛につきます。それまで、B-17をドイツ本土まで完全に護衛できる単発の戦闘機はなかったため、その力を大いに発揮し、数々のエースパイロットが同機から誕生することになります。同様に、太平洋戦線へも8月から戦闘機として投入されました。\nただの戦闘機ではもったいない！\n12.7mm機関銃の横から見たP-47「サンダーボルト」（画像：アメリカ空軍）。\nしかし、ただ戦闘機として制空任務に就かせているだけでは、せっかくの有り余るエンジン出力がもったいないと、翼にハードポイント取り付けて爆弾やロケット弾を吊り下げようと考えも生まれます。\n\n 1944年から投入され始めたP-47Nは、エンジン出力がなんと2800馬力まで向上。航続距離も長いため、欧州の幅広い範囲をイギリスの基地から飛び立ち攻撃することが可能になりました。そしてペイロード（積載量）は近距離ならば当時の日本軍の双発爆撃機並みの1.3t。搭載できる兵装は1000、500、250、100ポンドの各種爆弾やロケット弾と幅広いものでした。\n\n そもそも搭載されている12.7mm機関銃でも戦車のエンジンを狙えば故障させることが可能だったところ、さらに火力の高い爆弾やロケット弾が追加されたことで、1944年6月のノルマンディー上陸作戦以後は近接航空支援任務の需要が増大し、ドイツ軍から「ヤーボ」として恐れられるようになります。ヤーボとはヤークトボマーの略で、攻撃機の能力を備えた戦闘機のことを指します。\n\n さらにソ連軍でも同機は運用されましたが、ソ連にはすでに対地攻撃用としてIl-2「シュトルモヴィク」があり、攻撃機としては魅力的に映らなかったのでしょう。そのため、航続距離が長いことが注目され、主に海軍向けに偵察機として運用されることになりました。\n\n そして同機の最大の強みは、とにかく頑丈であるという点でした。防弾装備がちゃんとしていたことから、対空砲火に多少被弾する程度なら、コックピットに直撃でもしない限り問題なく飛べたといわれています。さらに、エンジン自体も頑丈で、シリンダーがひとつふたつ欠けても短時間ならガラガラ回り続けました。\n\n 戦闘機としての能力では、アメリカ軍のなかでは大戦中最高傑作といわれるP-51「マスタング」には及ばなかったものの、その容量の大きさや頑丈さから様々な任務に駆り出されました。それら全てを完璧にこなした同機はまさに、マルチロール機の先駆けといえるでしょう。なお、大戦終結後もフランス軍が、第一次インドシナ戦争やアルジェリア戦争に使用しており、一部の国では1960年代まで使われました。\n\n\n\n※一部修正しました（11月27日17時40分）。\n乗りものニュース編集部
環七～赤羽の「鉄道三角州」地帯が一変か 道路整備で“崖をがっつり削ります”案 将来どんな姿に？（乗りものニュース）,https://news.yahoo.co.jp/articles/dec5d80ebc389cc0ee373a32cffd8764d29db9b8,https://newsatcl-pctr.c.yimg.jp/t/amd-img/20231127-00129458-norimono-000-1-view.jpg?exp=10800,2023-11-27T07:12:00+09:00,2023-11-27T07:12:00+09:00,乗りものニュース,norimono,乗りものニュース,947,\n赤羽「清水坂地区」一変か？\n写真中央が補助83号線、十条III期の区間（画像：東京都）。\n東京都都市整備局は2023年11月、都市計画道路「補助83号線（十条III期）」について行った住民説明会資料を公表しました。\n【地形が厳しー!!】補助83号線のルート＆課題（画像で見る）\nこの事業は、北区のJR京浜東北線西側の台地上を通って王子と赤羽をつなぐ南北道路を拡幅・整備するものです。このうち十条III期は環七通りから北へ、京浜東北線と埼京線に挟まれた台地エリアから埼京線の高架下まで下りていく区間。地元では「清水坂」と呼ばれています。\n\n 補助83号線は十条台や東十条駅西口付近も拡幅が進むなか、この清水坂地区だけが事業化されていない状況です。\n\n 今回は、「高低差処理に係る説明会」と銘打って行われました。この区間の課題は、台地の終端部で道路西側の宅地と高低差があり、そこへ住宅が密集しているため、拡幅するには、単に住宅を立ち退かせて崖を削るだけでは済まないということです。崖を削ることで、道路範囲外からのアクセスも寸断されてしまうため、沿道を含めた一体的な整備方法の3パターンが説明されていました。\n\n 一つは、道路の範囲に大規模な土留め擁壁を整備し、現道へ出る生活道路を寸断してしまう案。もうひとつは、生活道路を都市計画道路へ擦り付ける案です。ただこれも、沿道の宅地地盤面と生活道路に高低差が生じ、生活道路へのアクセスが難しくなる課題があります。\n\n もうひとつは、土地区画整理事業を一体的に行い、沿道も含めて崖を削り、一体的に宅地造成して生活道路を擦り付けさせるというもの。周辺は老朽化した建物が多いなどの課題もあり、これにより地域全体の防災性も向上し、生活道路についてもこれまで通りの機能を維持できるとしています\n\n 都はこの案をベースに、意向調査などを進め、2024年度には整備手法を決定したい考えです。\n\n この補助83号線ができると、京浜東北線の東側で赤羽～王子を結ぶ北本通り（国道122号、東京メトロ南北線ルート）のバイパスとなり、都心に通じる明治通り・本郷通りから環七、環八を連絡する新たなルートが形成されます。\n乗りものニュース編集部
JAL導入の「ボーイング737MAX」大丈夫？ 他社も続々導入のワケとは “新造機の番人”の評価（乗りものニュース）,https://news.yahoo.co.jp/articles/010d3e35b4c214ff62b3d10d357cd605bf678457,https://newsatcl-pctr.c.yimg.jp/t/amd-img/20231127-00129526-norimono-000-4-view.jpg?exp=10800,2023-11-27T07:42:00+09:00,2023-11-27T09:42:28+09:00,乗りものニュース,norimono,乗りものニュース,2285,\n運航再開後は安全に飛び続けている\nJALのボーイング737-8のイメージ（画像：JAL）。\nJAL（日本航空）が2026年に、新型旅客機「ボーイング737MAX」のひとつ「737-8」の運航を開始する予定です。この737MAXはJALをはじめ国内航空会社3社が導入を決定していますが、それまでに紆余曲折があったモデルです。JALでは新造機の製造が安全・品質上問題ないかを細かくチェックする業種「領収検査員」を配備していますが、彼らの目から見て、「737MAX」はどのように見えているのでしょうか。\n【動画】驚愕の光景!? これが「線路を走る737の胴体」です\nボーイング737MAXは2016年に初飛行した、ロングセラー機737シリーズの最新モデルです。大型で効率の良いエンジンの採用や操縦システムの改修などが加えられており、騒音抑制のためエンジンカバー後部がギザギザになった機構「シェブロンノズル」が外観上の特徴です。JALでは、737MAXの標準タイプである「737-8」を導入予定で、現在同社の小型主力機である737-800の後継機となります。\n\n その一方で737MAXは、これまで順風満帆に運航を続けてきたモデルとはいえませんでした。\n\n というのも、2018年にジャカルタで、2019年にエチオピアで連続して墜落事故が発生。これにより、各国の航空当局で1年9か月ものあいだ、運航停止措置がとられていました。\n\n ボーイング社では、停止期間中に、事故の発端とされた「迎え角センサー」システムの誤作動防止や異常検知機能の追加、迎え角センサーの警告表示の見直し、飛行マニュアルの改定などを実施。2020年12月の運航開始後は安全に運航を継続しています。\n\n この問題の対策がきちんと練られ、かつそれが実績に現れていることが、JALがこの機を発注した決め手となったと見て間違いないでしょう。\n新造機の番人」に聞く、737MAXの強み\n左から鈴木正美さんと近藤信之さん。ボーイング社のレントン工場内で（乗りものニュース編集部撮影）。\nそのようななか今回お話を伺ったのは、ボーイングのお膝元、シアトルでJAL機の領収検査員を務める鈴木正美さんと近藤信之さんとです。\n\n 領収検査員は、航空機メーカーが新型機を組み立て、航空会社に引き渡すまでのあいだ、その機の組立状況をチェックするという特殊な業務で、選りすぐりの航空整備士のなかから選ばれる、“新造機の安全の番人”ともいえる存在です。\n\n 2人のJAL領収検査員は、ボーイング737-8の強みを次のように評価します。\n\n「運航時間という意味では、737シリーズは膨大な時間をすでに経験しており、過去の経験を利用して改良した派生型なので、信頼性という意味では非常に高くなっています。また、エンジンの静音性や燃費効率なども、現行である737-800と比べても非常に素晴らしいものになっていると思います」（鈴木さん）\n\n「（同機を）各航空会社が発注されているのは、まったくのブランニューモデルではなく、資格や整備面、過去のものを最大限利用した形で飛行機を作っているため、パイロットやパイロットの資格取得、施設投資などをイチからやり直さずに済む、ところだと思います」（近藤さん）\n\n また2氏によると、「飛行機は新型になるにつれ、整備性や点検項目が少なくなっている。もちろんそういった観点においても、整備士フレンドリーになっているし、737-800で見られることが多かった不具合についても改善を試みているようで、737-8は評価できる機体だと思う」とコメントします。\n\n とはいえ、JALむけの737-8の初号機は、2023年10月現在では、まだ製造すら始まっていない状況にあります。しかし、2人の領収検査員は、同型機の導入にむけ、下準備を進めています。\nプロの目から見る「737MAXはこんな飛行機」\nJALボーイング737-800（乗りものニュース編集部撮影）。\n鈴木さんは「導入にあたりすでに737-8を使用している航空会社の方にもお話を伺うのですが、不具合が少ない飛行機だそうです」とし、「導入後、気が付かないうちに整備士の業務負荷が減るような、そんな飛行機なのかもしれません。これは（これまで2氏が領収検査を行ってきた）787型でも気づいた点ですが、同じことが737-8導入でも起きるのではないでしょうか」と話します。\n\n そのような737-8は、更新対象となっている737-800と比較して、領収検査員の目から見ると、どのような印象をもっているのでしょうか。\n\n「私が見ている限りは、新型機ではあるものの、これまでの領収検査とそれほど大きな違いは生じないと思います。737-8は現行の737-800と同じく、アルミニウム製の翼・胴体ですから、構造部材に関して注意しなければならないところは、これまでの機種と同じです。最終組み立て地であるボーイングのレントン工場は以前に比べてさまざまな改善がなされていて効率化が図られていますので、そういった点は追加で注意する必要がありますが、我々が見なければならないポイントは大きくは変わらない、といった印象です」（近藤さん）\n\n「むしろ、かつて整備していた747などをはじめとしたアルミ構造の飛行機には数多く関わってきましたので、若い頃の血が騒ぐといった感じです」（鈴木さん）\n松 稔生（航空ライター）
